 ,VERDURAS E LEGUMES,,,,
,Produto,UND,MAX,MAIS FREQUENTE,MÍNIMO
,ABOBORA,KG,"R$ 3,50","R$3,50","R$ 2,00"
,ABOBRINHA ITALIANA,KG,"R$6,55","R$5,33","R$ 4,00"
,ABOBRINHA TRONCO,KG,"R$ 6,00","R$5,33","R$ 4,00"
,ACELGA,DZ,"R$ 30,00","R$30,00","R$ 25,00"
,AGRIAO,DZ,"R$ 20,00","R$15,00","R$ 12,00"
,AIPO SALSAO,DZ,"R$ 84,00","R$84,00","R$ 78,00"
,ALCACHOFRA,UND,"R$8,57","R$8,57","R$ 8,57"
,ALECRIM,MOL,"R$ 2,50","R$2,00","R$ 1,50"
,ALFACE AMERICANA,DZ,"R$ 30,00","R$25,00","R$ 20,00"
,ALFACE CRESPA,DZ,"R$ 20,00","R$15,00","R$ 15,00"
,ALFACE LISA,DZ,"R$ 20,00","R$15,00","R$ 15,00"
,ALFACE MIMOSA,DZ,"R$ 20,00","R$15,00","R$ 15,00"
,ALHO IMPORTADO,KG,"R$ 19,00","R$18,00","R$ 16,00"
,ALHO MACHO,KG,"R$ 20,00","R$15,00","R$ 15,00"
,ALHO NACIONAL,KG,"R$ 18,00","R$18,00","R$ 12,00"
,ALHO PORO,DZ,"R$ 50,00","R$30,00","R$ 20,00"
,ALMEIRAO / RADITE,DZ,"R$ 30,00","R$20,00","R$ 15,00"
,BATATA BRANCA,KG,"R$ 6,00","R$5,60","R$ 5,40"
,BATATA ROSA,KG,"R$ 5,40","R$5,20","R$ 2,40"
,BATATA-DOCE,KG,"R$ 3,00","R$2,50","R$ 2,25"
,BERINJELA,KG,"R$ 5,00","R$4,00","R$ 3,50"
,BETERRABA,KG,"R$ 4,50","R$4,00","R$ 3,50"
,BETERRABA MOLHO,DZ,"R$ 70,00","R$70,00","R$ 50,00"
,BROCOLIS,DZ,"R$ 70,00","R$60,00","R$ 50,00"
,BROTOS DIVERSOS,KG,"R$ 25,00","R$25,00","R$ 20,00"
,CARA,KG,"R$ 10,67","R$8,00","R$ 8,00"
,CEBOLA IMPORTADA ,KG,"R$ 5,00","R$4,25","R$ 4,00"
,CEBOLA NACIONAL,KG,"R$ 4,50","R$4,00","R$ 1,75"
,CEBOLA ROXA,KG,"R$ 5,50","R$5,00","R$ 4,00"
,CENOURA,KG,"R$ 6,00","R$6,00","R$ 4,50"
,CENOURA BABY,KG,"R$ 24,00","R$ 24,00","R$ 24,00"
,CHEIRO VERDE / TEMPERO,DZ,"R$ 15,00","R$12,00","R$ 10,00"
,CHICORIA,DZ,"R$ 30,00","R$20,00","R$ 20,00"
,CHUCHU,KG,"R$ 3,89","R$2,78","R$ 2,50"
,CHUCHU MINI,KG,"R$ 20,00","R$15,00","R$ 15,00"
,COUVE,DZ,"R$ 20,00","R$18,00","R$ 15,00"
,COUVE CHINESA,DZ,"R$ 60,00","R$45,00","R$ 40,00"
,COUVE-FLOR,DZ,"R$ 70,00","R$60,00","R$ 50,00"
,ENDIVIA,KG,"R$ 60,00","R$60,00","R$ 60,00"
,ERVA DOCE / FUNCHO,DZ,"R$ 90,00","R$84,00","R$ 72,00"
,ERVAS AROMATICAS,MOL,"R$ 3,00","R$2,00","R$ 2,00"
,ERVILHA,KG,"R$ 25,00","R$25,00","R$ 25,00"
,ERVILHA TORTA,KG,"R$50,00","R$50,00","R$50,00"
,ESPINAFRE,DZ,"R$ 30,00","R$25,00","R$ 20,00"
,FAVA,KG,"R$ 16,56","R$16,56","R$ 15,55"
,FLORES COMESTIVEIS,BDJ,"R$ 25,00","R$12,00","R$ 12,00"
,GENGIBRE,KG,"R$ 10,00","R$10,00","R$ 8,33"
,INHAME,KG,"R$ 10,67","R$ 10,56","R$ 7,00"
,LOURO,MOL,"R$ 2,50","R$2,00","R$ 2,00"
,MANDIOCA,KG,"R$ 2,00","R$1,75","R$ 1,50"
,MANDIOQUINHA,KG,"R$ 24,00","R$16,00","R$ 16,00"
,MANJERICAO,MOL,"R$ 3,00","R$2,00","R$ 2,00"
,MANJERONA,MOL,"R$ 3,00","R$2,00","R$ 2,00"
,MAXIXE,KG,"R$ 20,00","R$18,00","R$ 18,00"
,MILHO VERDE (3UN),BDJ,"R$ 5,00","R$4,50","R$ 3,00"
,MOGANGO,KG,"R$ 3,50","R$3,50","R$ 2,50"
,MORANGA AMARELA / VERMELHA,KG,"R$ 2,50","R$2,22","R$ 1,67"
,MORANGA CABOTIA,KG,"R$ 2,83","R$2,78","R$ 2,22"
,MORANGA MINI,KG,"R$ 40,00","R$ 20,00","R$ 15,00"
,MOSTARDA,DZ,"R$ 40,00","R$20,00","R$ 20,00"
,NABO (EM CAIXA OU EM SACO),KG,"R$ 5,00","R$5,00","R$ 3,50"
,NABO (EM MOLHO),DZ,"R$ 40,00","R$40,00","R$ 30,00"
,PEPINO CONSERVA,KG,"R$ 8,33","R$8,33","R$ 5,55"
,PEPINO JAPONES,KG,"R$ 7,78","R$7,78","R$ 5,55"
,PEPINO SALADA,KG,"R$ 6,67","R$6,11","R$ 4,50"
,PIMENTA,KG,"R$ 25,00","R$15,00","R$ 6,00"
,PIMENTAO AMARELO,KG,"R$ 15,00","R$12,00","R$ 12,00"
,PIMENTAO CAPELETI,KG,"R$ 15,00","R$15,00","R$ 15,00"
,PIMENTAO MINI,KG,"R$ 40,00","R$36,00","R$ 36,00"
,PIMENTAO VERDE,KG,"R$ 6,50","R$5,00","R$ 4,50"
,PIMENTAO VERMELHO,KG,"R$ 15,00","R$12,00","R$ 12,00"
,QUIABO,KG,"R$ 18,00","R$18,00","R$ 15,00"
,RABANETE,KG,"R$ 5,00","R$4,00","R$ 3,00"
,RABANETE MOLHO,DZ,"R$ 40,00","R$30,00","R$ 25,00"
,RAIZ FORTE,KG,"R$ 100,00","R$100,00","R$ 100,00"
,REPOLHO ROXO,DZ,"R$ 60,00","R$50,00","R$ 40,00"
,REPOLHO VERDE,KG,"R$ 2,22","R$1,94","R$ 1,11"
,RUCULA,DZ,"R$ 30,00","R$20,00","R$ 15,00"
,SALVIA,MOL,"R$ 2,00","R$2,00","R$ 1,50"
,TOMATE CEREJA (MINI TOMATES),KG,"R$ 20,00","R$15,00","R$ 12,00"
,TOMATE GAUCHO,KG,"R$ 11,50","R$10,50","R$ 10,00"
,TOMATE ITALIANO ,KG,"R$ 12,00","R$10,00","R$ 8,00"
,TOMATE LONGA VIDA,KG,"R$ 9,00","R$9,00","R$ 7,00"
,TOMATE RASTEIRO,KG,"R$ 8,00","R$6,67","R$ 4,00"
,VAGEM,KG,"R$ 15,00","R$12,00","R$ 10,00"
,YACON,KG,"R$ 15,00","R$ 15,00","R$ 15,00"
,FRUTAS,,,,
,Produto,UND,MAX,MAIS FREQUENTE,MÍNIMO
,ABACATE AVOCADO,KG,"R$ 16,00","R$11,55","R$ 8,00"
,ABACATE COMUM,KG,"R$ 5,00","R$3,33","R$2,78"
,ABACAXI PEROLA,UND,"R$ 7,50","R$6,50","R$ 4,50"
,ABACAXI TERRA DE AREIA,UND,,,
,ACEROLA,KG,"R$ 30,00","R$30,00","R$ 30,00"
,AMEIXA IMPORTADA,KG,"R$ 14,44","R$12,78","R$ 11,55"
,AMEIXA NACIONAL,KG,,,
,AMORA PRETA,KG,"R$ 130,00","R$130,00","R$ 130,00"
,BANANA CATURRA / NANICA,KG,"R$ 4,00","R$2,75","R$ 2,33"
,BANANA DA TERRA E OUTRAS,KG,"R$ 11,00","R$6,75","R$ 6,50"
,BANANA MACA,KG,"R$ 12,00","R$7,00","R$ 7,00"
,BANANA PRATA / BRANCA,KG,"R$ 4,50","R$3,50","R$ 2,50"
,CAQUI CHOCOLATE,KG,"R$ 6,00","R$5,00","R$ 3,00"
,CAQUI FUYU,KG,"R$ 5,00","R$3,00","R$ 3,00"
,CAQUI IMPORTADO,KG,"R$ 6,00","R$6,00","R$ 6,00"
,CAQUI MOLE,KG,"R$ 12,50","R$5,71","R$ 5,00"
,CARAMBOLA,KG,"R$ 11,00","R$10,00","R$ 10,00"
,CEREJA,KG,"R$ 140,00","R$140,00","R$ 140,00"
,COCO SECO,KG,"R$ 6,50","R$5,00","R$ 4,90"
,COCO VERDE,UND,"R$ 6,00","R$6,00","R$ 5,00"
,FIGO MADURO,KG,"R$ 27,78","R$27,78","R$13,92"
,FIGO VERDE,KG,,,
,FISÁLIS,KG,"R$ 100,00","R$81,25","R$ 70,00"
,FRAMBOESA,KG,"R$ 170,00","R$170,00","R$ 170,00"
,FRUTA DO CONDE / PINHA,KG,"R$ 20,00","R$20,00","R$ 20,00"
,GOIABA,KG,"R$ 12,50","R$6,67","R$ 5,00"
,GRAVIOLA,KG,"R$ 26,10","R$26,10","R$ 26,10"
,JABUTICABA,KG,"R$ 30,00","R$30,00","R$ 30,00"
,JACA,UND,"R$ 40,00","R$35,00","R$ 30,00"
,JILO,KG,"R$ 14,00","R$13,85","R$ 13,85"
,KINKAN,KG,"R$ 52,50","R$52,50","R$ 52,00"
,KIWI IMPORTADO,KG,"R$ 20,00","R$15,00","R$ 13,00"
,KIWI NACIONAL,KG,"R$ 10,00","R$8,33","R$ 7,00"
,LARANJA DO CEU,KG,"R$ 3,33","R$3,05","R$ 2,22"
,LARANJA IMPORTADA,KG,"R$ 7,33","R$6,67","R$6,00"
,LARANJA SUCO,KG,"R$ 2,78","R$2,50","R$ 1,67"
,LARANJA UMBIGO (BAHIA),KG,"R$ 5,00","R$4,44","R$ 2,78"
,LICHIA,KG,"R$ 45,00","R$45,00","R$45,00"
,LIMA,KG,"R$ 13,88","R$8,33","R$ 8,33"
,LIMAO IMPORTADO,KG,"R$ 13,33","R$11,33","R$ 6,66"
,LIMAO SICILIANO,KG,"R$ 8,00","R$8,00","R$ 6,66"
,LIMAO TAITI,KG,"R$ 3,05","R$ 2,22","R$ 1,94"
,MACA FUJI IMPORTADA,KG,"R$ 14,44","R$11,11","R$ 5,55"
,MACA FUJI NACIONAL,KG,"R$ 5,56","R$5,00","R$ 3,61"
,MACA GALA IMPORTADA,KG,"R$ 10,00","R$7,22","R$ 7,22"
,MACA GALA NACIONAL,KG,"R$ 6,11","R$5,00","R$ 2,50"
,MACA GOLDEN IMPORTADA,KG,,,
,MACA GOLDEN NACIONAL,KG,,,
,MACA GRANNY SMITH,KG,"R$ 11,11","R$10,93","R$ 10,00"
,MACA RED DELICIOUS,KG,"R$ 9,44","R$9,17","R$ 7,78"
,MAMAO AMAZONAS (PAPAIA),KG,"R$ 13,00","R$12,00","R$ 7,00"
,MAMAO FORMOSA,KG,"R$ 6,00","R$5,50","R$ 4,50"
,MANGA,KG,"R$5,56","R$5,00","R$ 4,44"
,MANGOSTAO,KG,"R$ 85,00","R$85,00","R$ 85,00"
,MARACUJA AZEDO,KG,"R$ 6,00","R$5,00","R$ 3,00"
,MARACUJA DOCE,KG,"R$ 25,00","R$25,00","R$ 25,00"
,MARMELO NACIONAL,KG,,,
,MELANCIA,KG,"R$ 2,70","R$2,50","R$ 2,30"
,MELANCIA KODAMA / BABY,KG,"R$ 7,00","R$6,00","R$ 6,00"
,MELANCIA PINGO DOCE,KG,"R$ 8,00","R$5,00","R$ 4,00"
,MELAO CANTALOUPE,KG,"R$ 9,50","R$ 9,50","R$ 9,23"
,MELAO COMUM (GAUCHO),KG,,,
,MELAO ESPANHOL,KG,"R$ 6,92","R$5,38","R$5,38"
,MELAO GALIA,KG,"R$ 10,55","R$7,69","R$ 5,00"
,MELAO IMPORTADO,KG,,,
,MELAO REI,KG,"R$ 12,50","R$9,00","R$ 6,92"
,MELAO ORANGE,KG,"R$ 12,00","R$10,00","R$ 8,33"
,MELAO PELE DE SAPO,KG,"R$ 9,50","R$6,92","R$ 6,92"
,MIRTILO,KG,"R$ 115,55","R$106,67","R$ 106,67"
,MORANGO,KG,"R$ 40,00","R$30,00","R$ 15,00"
,NECTARINA,KG,"R$ 12,92","R$10,00","R$ 7,00"
,NECTARINA IMPORTADA,KG,"R$ 11,25","R$11,25","R$ 11,25"
,NESPERA,KG,"R$ 37,50","R$37,50","R$ 25,00"
,NOZ IMPORTADA,KG,,,
,NOZ PECA,KG,"R$ 25,00","R$20,00","R$ 15,00"
,PERA DANJOU,KG,"R$ 10,55","R$8,33","R$7,22"
,PERA NACIONAL,KG,"R$ 6,00","R$3,89","R$ 3,00"
,PERA VERMELHA,KG,"R$ 14,44","R$8,61","R$ 8,61"
,PERA WILLIAMS / PACKAMS,KG,"R$ 7,22","R$ 7,22","R$ 6,67"
,PESSEGO IMPORTADO,KG,"R$ 11,25","R$11,11","R$ 10,00"
,PESSEGO NACIONAL,KG,,,
,PITAYA,KG,"R$ 10,00","R$10,00","R$ 10,00"
,PITAYA IMPORTADA,KG,,,
,ROMÃ,KG,"R$ 22,50","R$22,50","R$ 22,50"
,TAMARA,KG,"R$ 34,00","R$34,00","R$ 30,00"
,TAMARINDO,KG,"R$ 50,00","R$50,00","R$ 50,00"
,TANGERINA COMUM / CAI,KG,"R$ 1,94","R$1,94","R$ 1,38"
,TANGERINA IMPORTADA,KG,"R$ 9,00","R$ 9,00","R$ 9,00"
,TANGERINA MONTENEGRINA,KG,,,
,TANGERINA MURCOTT,KG,,,
,TANGERINA OUTRAS,KG,"R$ 2,22","R$1,67","R$ 1,11"
,TANGERINA PONKAN,KG,"R$ 2,22","R$1,66","R$ 1,38"
,UVA COMUM DE MESA,KG,"R$ 11,42","R$10,00","R$5,71"
,UVA FINAS DE MESA,KG,"R$ 18,57","R$ 14,28","R$ 10,71"
,UVA IMPORTADA,KG,"R$ 16,25","R$15,00","R$ 8,75"
,CENTRAL DAS FLORES,,,,
,Produto,UND,MAX,MAIS FREQUENTE,MÍNIMO
,ANTURIO VASO,UND,"R$ 49,00","R$ 45,00","R$ 39,00"
,ASTER,MOL,"R$ 39,00","R$35,00","R$ 30,00"
,ASTROMELIA,MOL,"R$ 49,00","R$39,00","R$ 39,00"
,AZALEIA VASO,UND,"R$ 30,00","R$20,00","R$ 8,90"
,BEGONIA,UND,"R$ 45,00","R$35,00","R$ 35,00"
,BICO DE PAPAGAIO,MOL,"R$ 45,00","R$35,00","R$ 35,00"
,BOCA DE LEAO,MOL,"R$ 59,00","R$39,00","R$ 39,00"
,BONSAI,UND,"R$ 45,00","R$39,00","R$ 35,00"
,CACTUS,UND,"R$ 110,00","R$ 45,00","R$ 3,27"
,CACTUS MINI 15UN,CX,"R$ 55,00","R$49,00","R$ 45,00"
,COPO DE LEITE,MOL,"R$ 149,00","R$45,00","R$ 45,00"
,CRAVINA,MOL,"R$ 55,00","R$49,00","R$ 39,00"
,CRAVO,MOL,"R$ 98,00","R$79,00","R$ 70,00"
,CRISANTEMO,MOL,"R$ 69,00","R$69,00","R$ 65,00"
,CRISANTEMO VASO,UND,"R$ 25,00","R$24,00","R$ 20,00"
,ESTATICE,MOL,"R$ 38,00","R$38,00","R$ 29,00"
,FOLHAGENS VARIADAS,UND,"R$ 80,00","R$45,00","R$ 30,00"
,GERBERA 12UN,MOL,"R$ 55,00","R$45,00","R$ 45,00"
,GIRASSOL 6UN,MOL,"R$ 45,00","R$39,00","R$ 39,00"
,GIRASSOL VASO,UND,"R$ 49,00","R$45,00","R$ 39,00"
,GLADIOLO MOLHE,MOL,"R$ 59,00","R$42,00","R$ 42,00"
,GLADIOLO VASO,UND,"R$ 15,00","R$15,00","R$ 15,00"
,GLOXINIA VASO,UND,"R$ 25,00","R$15,00","R$ 10,00"
,KALANCHOE,UND,"R$ 8,90","R$7,90","R$ 7,50"
,KALANCHOE MINI15UN,CX,"R$ 59,00","R$55,00","R$ 45,00"
,KALANDIVA VASO,UND,"R$ 12,00","R$8,90","R$ 8,90"
,LIRIO DA PAZ,UND,"R$ 39,00","R$20,00","R$ 20,00"
,LIRIO MOLHE,MOL,"R$ 130,00","R$99,00","R$ 79,00"
,LISIANTHUS,MOL,"R$ 95,00","R$79,00","R$ 59,00"
,MOSQUITINHO,MOL,"R$ 49,00","R$45,00","R$ 39,00"
,ORQUIDEA VASO,UND,"R$ 99,00","R$65,00","R$ 60,00"
,PRIMULA 15UN,CX,"R$ 45,00","R$15,00","R$ 15,00"
,ROSA COLORIDA 20UN,MOL,"R$ 120,00","R$98,00","R$ 89,00"
,ROSA IMPORTADA,MOL,"R$ 199,00","R$ 199,00","R$ 199,00"
,ROSA VERMELHA 20UN,MOL,"R$ 120,00","R$98,00","R$ 95,00"
,SAMAMBAIA CUIA,UND,"R$ 35,00","R$35,00","R$ 30,00"
,SUCULENTAS,UND,"R$ 8,00","R$8,00","R$ 3,27"
,SUCULENTAS MINI 15UN,CX,"R$ 49,00","R$45,00","R$ 40,00"
,TANGO,MOL,"R$ 25,00","R$25,00","R$ 25,00"
,THUIA CIPRESTE VASO,UND,"R$ 65,00","R$25,00","R$ 25,00"
,TULIPA,UND,"R$ 39,00","R$20,00","R$ 20,00"
,VERDES (SAMAMBAIA PRETA),MOL,"R$ 20,00","R$20,00","R$ 20,00"
,VERDES ASPARGO,MOL,"R$ 29,00","R$28,00","R$ 25,00"
,VERDES ASPARGO IMP,MOL,,,
,VERDES EUCALIPTUS,MOL,"R$ 39,00","R$38,00","R$ 35,00"
,VERDES RUSCUS,MOL,"R$ 25,00","R$20,00","R$ 20,00"
,VIOLETA,UND,"R$10,00","R$8,90","R$ 7,00"
,VIOLETA MINI 15UN,CX,"R$ 60,00","R$45,00","R$45,00"
,ZAMIOCULCA,UND,"R$ 45,00","R$39,00","R$ 39,00"
,CARNES,,,,
,Produto,UND,MAX,MAIS FREQUENTE,MÍNIMO
,ACÉM,KG,"R$ 31,95","R$31,00","R$ 31,00"
,ALCATRA,KG,"R$ 47,95","R$49,90","R$ 47,95"
,COSTELA BOVINA,KG,"R$ 28,50","R$27,95","R$ 27,95"
,COSTELA OVINA,KG,"R$ 37,90","R$37,90","R$ 37,90"
,COSTELA SUÍNA,KG,"R$ 23,99","R$22,90","R$ 22,90"
,COXA SOBRECOXA DE FRANGO,KG,"R$ 8,49","R$7,99","R$ 7,99"
,COXÃO MOLE,KG,"R$ 45,95","R$40,90","R$ 40,90"
,ENTRECOT,KG,"R$ 59,90","R$48,99","R$ 48,99"
,FILÉ DE FRANGO,KG,"R$ 14,99","R$13,98","R$ 13,98"
,FILÉ DE SASSAMI DE FRANGO,KG,"R$ 18,98","R$16,49","R$16,49"
,FILÉ MIGNON,KG,"R$ 89,98","R$79,98","R$ 79,98"
,LINGUIÇA TOSCANA,KG,"R$ 19,97","R$16,90","R$ 16,90"
,PALETA BOVINA,KG,"R$ 36,98","R$34,90","R$ 34,90"
,PALETA OVINA,KG,"R$ 68,90","R$68,90","R$ 68,90"
,PALETA SUÍNA,KG,"R$ 19,95","R$ 17,95","R$ 17,95"
,PATINHO,KG,"R$ 39,98","R$38,90","R$ 38,90"
,PERNIL OVINO,KG,"R$ 68,90","R$68,90","R$ 68,90"
,PERNIL SUÍNO,KG,"R$ 22,98","R$ 17,90","R$ 17,90"
,VAZIO,KG,"R$ 39,98","R$39,98","R$ 37,98"
,PESCADOS E FRUTOS DO MAR,,,,
,Produto,UND,MAX,MAIS FREQUENTE,MÍNIMO
,CAMARÃO CARABINEIRO INTEIRO,KG,"R$ 302,30","R$260,00","R$ 260,00"
,CAMARÃO CINZA (VANNAMEI) INTEIRO ,KG,"R$ 123,01","R$49,90","R$ 49,90"
,CAMARÃO CINZA (VANNAMEI) SEM CABEÇA ,KG,"R$ 101,41","R$72,90","R$ 72,90"
,CAMARÃO CINZA(VANNAMEI) DES. EVISC. C/ CAUDA,KG,"R$ 101,41","R$ 93,90","R$ 93,90"
,CAMARÃO ROSA DESC. EVISC.,KG,"R$ 248,30","R$ 199,90","R$ 199,90"
,CAMARÃO 7 BARBAS,KG,"R$ 43,10","R$ 43,10","R$ 43,10"
,CORVINA INTEIRA,KG,"R$ 13,93","R$ 13,93","R$ 13,93"
,FILÉ DE ANJO,KG,"R$ 36,61","R$ 36,61","R$ 36,61"
,FILÉ DE CAÇÃO,KG,"R$ 36,61","R$ 36,61","R$ 36,61"
,FILÉ DE CAMBUCU,KG,"R$ 64,70","R$ 64,70","R$ 64,70"
,FILÉ DE CONGRO ROSA,KG,"R$ 89,53","R$ 78,90","R$ 78,90"
,FILÉ DE DOURADO,KG,"R$ 74,90","R$ 74,90","R$ 53,89"
,FILÉ DE LINGUADO,KG,"R$ 69,90","R$ 69,90","R$ 48,49"
,FILÉ DE MERLUZA,KG,"R$ 45,14","R$ 45,14","R$ 45,14"
,FILÉ DE PANGA,KG,"R$ 26,90","R$ 26,90","R$ 26,90"
,FILÉ DE PESCADA AMARELA,KG,"R$ 99,00","R$ 99,00","R$ 88,45"
,FILÉ DE POLACA,KG,"R$ 36,50","R$ 36,50","R$ 36,50"
,FILÉ DE SALMÃO COM PELE,KG,"R$ 84,90","R$ 84,90","R$ 79,90"
,FILÉ DE SALMÃO COM PELE EM PEDAÇOS,KG,"R$ 112,10","R$ 92,00","R$ 92,00"
,FILÉ DE SALMÃO SEM PELE,KG,"R$ 99,00","R$ 99,00","R$ 99,00"
,FILÉ DE SALMÃO SEM PELE EM PEDAÇOS,KG,"R$ 71,17","R$ 71,17","R$ 71,17"
,FILÉ DE TILÁPIA,KG,"R$ 49,57","R$ 45,90","R$ 45,90"
,FILÉ DE TRAÍRA,KG,"R$ 40,36","R$ 40,36","R$ 40,36"
,LAGOSTA INTEIRA,KG,"R$ 197,53","R$ 149,90","R$ 149,90"
,LOMBO DE BACALHAU DESSALGADO,KG,"R$ 169,90","R$ 169,90","R$ 97,10"
,POLVO EVISCERADO PERUANO,KG,"R$ 122,50","R$ 122,50","R$ 64,70"
,POLVO INTEIRO,KG,"R$ 114,90","R$ 114,90","R$ 97,10"
,TAINHA EVISCERADA,KG,"R$ 15,01","R$ 15,01","R$ 15,01"
,TRAÍRA EVISCERADA,KG,"R$ 21,49","R$21,49","R$ 21,49"
,DIVERSOS,,,,
,Produto,UND,MAX,MAIS FREQUENTE,MÍNIMO
,AMENDOIM COM CASCA,KG,"R$ 11,00","R$10,00","R$ 9,00"
,AMENDOIM SEM CASCA,KG,"R$ 11,00","R$10,00","R$ 8,00"
,FEIJAO,KG,"R$ 6,00","R$6,00","R$6,00"
,LENTILHA,KG,"R$ 20,00","R$15,00","R$ 15,00"
,MEL,KG,"R$ 30,00","R$25,00","R$ 25,00"
,MILHO PIPOCA,KG,"R$ 10,00","R$5,20","R$ 5,20"
,MILHO RACAO,KG,"R$ 1,60","R$1,60","R$ 1,52"
,OVO BRANCO CX30DZ,CX,"R$ 190,00","R$180,00","R$180,00"
,OVO CAIPIRA CX30DZ,CX,"R$ 350,00","R$320,00","R$ 300,00"
,OVO CODORNA CXT,CXT,"R$ 7,50","R$7,00","R$ 6,50"
,OVO VERMELHO CX30DZ,CX,"R$ 210,00","R$210,00","R$ 200,00"
,PINHAO,KG,"R$ 13,00","R$11,00","R$ 10,00"